Designator,Val,Package,MidX,MidY,Rotation,Layer
C1,10uF,C_0805_2012Metric,46.736,-183.642,270,top
C2,10uF,C_0805_2012Metric,49.022,-183.642,270,top
C3,10uF,C_0805_2012Metric,51.308,-183.642,270,top
C4,0.1uF,C_0402_1005Metric,53.086,-183.642,270,top
C5,1uF,C_0402_1005Metric,40.64,-52.578,0,top
C6,1uF,C_0402_1005Metric,48.26,-52.578,0,top
C7,1uF,C_0402_1005Metric,55.88,-52.578,0,top
C8,1uF,C_0402_1005Metric,63.5,-52.578,0,top
C9,1uF,C_0402_1005Metric,71.12,-52.578,0,top
C10,1uF,C_0402_1005Metric,78.74,-52.578,0,top
C11,1uF,C_0402_1005Metric,86.36,-52.5664,0,top
C12,1uF,C_0402_1005Metric,93.98,-52.5664,0,top
C13,1uF,C_0402_1005Metric,101.6,-52.5664,0,top
C14,1uF,C_0402_1005Metric,109.22,-52.5664,0,top
C15,1uF,C_0402_1005Metric,116.84,-52.5664,0,top
C16,1uF,C_0402_1005Metric,124.46,-52.5664,0,top
C17,1uF,C_0402_1005Metric,132.08,-52.5664,0,top
C18,1uF,C_0402_1005Metric,139.7,-52.5664,0,top
C19,1uF,C_0402_1005Metric,147.32,-52.5664,0,top
C20,1uF,C_0402_1005Metric,154.94,-52.5664,0,top
C21,1uF,C_0402_1005Metric,162.56,-52.5664,0,top
C22,1uF,C_0402_1005Metric,170.18,-52.5664,0,top
C23,1uF,C_0402_1005Metric,177.8,-52.578,0,top
C24,1uF,C_0402_1005Metric,185.42,-52.578,0,top
C25,1uF,C_0402_1005Metric,193.04,-52.578,0,top
C26,1uF,C_0402_1005Metric,200.66,-52.578,0,top
C27,1uF,C_0402_1005Metric,208.28,-52.578,0,top
C28,1uF,C_0402_1005Metric,215.9,-52.578,0,top
C29,1uF,C_0402_1005Metric,223.52,-52.578,0,top
C30,10uF,C_0805_2012Metric,333.121,-173.609,90,top
C31,10uF,C_0805_2012Metric,335.153,-173.609,90,top
C32,10uF,C_0805_2012Metric,337.439,-173.609,90,top
C33,0.1uF,C_0402_1005Metric,339.217,-173.609,90,top
C34,1uF,C_0402_1005Metric,231.14,-52.578,0,top
C35,1uF,C_0402_1005Metric,238.76,-52.578,0,top
C36,1uF,C_0402_1005Metric,246.38,-52.578,0,top
C37,1uF,C_0402_1005Metric,254,-52.578,0,top
C38,1uF,C_0402_1005Metric,261.62,-52.578,0,top
C39,1uF,C_0402_1005Metric,269.24,-52.578,0,top
C40,1uF,C_0402_1005Metric,276.86,-52.578,0,top
C41,1uF,C_0402_1005Metric,284.48,-52.578,0,top
C42,1uF,C_0402_1005Metric,292.1,-52.578,0,top
C43,1uF,C_0402_1005Metric,299.72,-52.578,0,top
C44,1uF,C_0402_1005Metric,307.34,-52.578,0,top
C45,1uF,C_0402_1005Metric,314.96,-52.578,0,top
C46,1uF,C_0402_1005Metric,322.58,-52.578,0,top
C47,1uF,C_0402_1005Metric,330.2,-52.578,0,top
C48,1uF,C_0402_1005Metric,337.82,-52.578,0,top
C49,1uF,C_0402_1005Metric,40.64,-60.198,0,top
C50,1uF,C_0402_1005Metric,48.26,-60.198,0,top
C51,1uF,C_0402_1005Metric,55.88,-60.198,0,top
C52,1uF,C_0402_1005Metric,63.5,-60.198,0,top
C53,1uF,C_0402_1005Metric,71.12,-60.198,0,top
C54,1uF,C_0402_1005Metric,78.74,-60.198,0,top
C55,1uF,C_0402_1005Metric,86.36,-60.198,0,top
C56,1uF,C_0402_1005Metric,93.98,-60.198,0,top
C57,1uF,C_0402_1005Metric,101.6,-60.198,0,top
C58,1uF,C_0402_1005Metric,109.22,-60.198,0,top
C59,1uF,C_0402_1005Metric,116.84,-60.198,0,top
C60,1uF,C_0402_1005Metric,124.46,-60.198,0,top
C61,1uF,C_0402_1005Metric,132.08,-60.198,0,top
C62,1uF,C_0402_1005Metric,139.7,-60.198,0,top
C63,1uF,C_0402_1005Metric,147.32,-60.198,0,top
C64,1uF,C_0402_1005Metric,154.94,-60.198,0,top
C65,1uF,C_0402_1005Metric,162.56,-60.198,0,top
C66,1uF,C_0402_1005Metric,170.18,-60.198,0,top
C67,1uF,C_0402_1005Metric,177.8,-60.198,0,top
C68,1uF,C_0402_1005Metric,185.42,-60.198,0,top
C69,1uF,C_0402_1005Metric,193.04,-60.198,0,top
C70,1uF,C_0402_1005Metric,200.66,-60.198,0,top
C71,1uF,C_0402_1005Metric,208.28,-60.198,0,top
C72,1uF,C_0402_1005Metric,215.9,-60.198,0,top
C73,1uF,C_0402_1005Metric,223.52,-60.198,0,top
C74,1uF,C_0402_1005Metric,231.14,-60.198,0,top
C75,1uF,C_0402_1005Metric,238.76,-60.198,0,top
C76,1uF,C_0402_1005Metric,246.38,-60.198,0,top
C77,1uF,C_0402_1005Metric,254,-60.198,0,top
C78,1uF,C_0402_1005Metric,261.62,-60.198,0,top
C79,1uF,C_0402_1005Metric,269.24,-60.198,0,top
C80,1uF,C_0402_1005Metric,276.86,-60.198,0,top
C81,1uF,C_0402_1005Metric,284.48,-60.198,0,top
C82,1uF,C_0402_1005Metric,292.1,-60.198,0,top
C83,1uF,C_0402_1005Metric,299.72,-60.198,0,top
C84,1uF,C_0402_1005Metric,307.34,-60.198,0,top
C85,1uF,C_0402_1005Metric,314.96,-60.198,0,top
C86,1uF,C_0402_1005Metric,322.58,-60.198,0,top
C87,1uF,C_0402_1005Metric,330.2,-60.198,0,top
C88,1uF,C_0402_1005Metric,337.82,-60.198,0,top
C89,1uF,C_0402_1005Metric,40.64,-67.818,0,top
C90,1uF,C_0402_1005Metric,48.26,-67.818,0,top
C91,1uF,C_0402_1005Metric,55.88,-67.818,0,top
C92,1uF,C_0402_1005Metric,63.5,-67.818,0,top
C93,1uF,C_0402_1005Metric,71.12,-67.818,0,top
C94,1uF,C_0402_1005Metric,78.74,-67.818,0,top
C95,1uF,C_0402_1005Metric,86.36,-67.818,0,top
C96,1uF,C_0402_1005Metric,93.98,-67.818,0,top
C97,1uF,C_0402_1005Metric,101.6,-67.818,0,top
C98,1uF,C_0402_1005Metric,109.22,-67.818,0,top
C99,1uF,C_0402_1005Metric,116.84,-67.818,0,top
C100,1uF,C_0402_1005Metric,124.46,-67.818,0,top
C101,1uF,C_0402_1005Metric,132.08,-67.818,0,top
C102,1uF,C_0402_1005Metric,139.7,-67.818,0,top
C103,1uF,C_0402_1005Metric,147.32,-67.818,0,top
C104,1uF,C_0402_1005Metric,154.94,-67.818,0,top
C105,1uF,C_0402_1005Metric,162.56,-67.818,0,top
C106,1uF,C_0402_1005Metric,170.18,-67.818,0,top
C107,1uF,C_0402_1005Metric,177.8,-67.818,0,top
C108,1uF,C_0402_1005Metric,185.42,-67.818,0,top
C109,1uF,C_0402_1005Metric,193.04,-67.818,0,top
C110,1uF,C_0402_1005Metric,200.66,-67.818,0,top
C111,1uF,C_0402_1005Metric,208.28,-67.818,0,top
C112,1uF,C_0402_1005Metric,215.9,-67.818,0,top
C113,1uF,C_0402_1005Metric,223.52,-67.818,0,top
C114,1uF,C_0402_1005Metric,231.14,-67.818,0,top
C115,1uF,C_0402_1005Metric,238.76,-67.818,0,top
C116,1uF,C_0402_1005Metric,246.38,-67.818,0,top
C117,1uF,C_0402_1005Metric,254,-67.818,0,top
C118,1uF,C_0402_1005Metric,261.62,-67.818,0,top
C119,1uF,C_0402_1005Metric,269.24,-67.818,0,top
C120,1uF,C_0402_1005Metric,276.86,-67.818,0,top
C121,1uF,C_0402_1005Metric,284.48,-67.818,0,top
C122,1uF,C_0402_1005Metric,292.1,-67.818,0,top
C123,1uF,C_0402_1005Metric,299.72,-67.818,0,top
C124,1uF,C_0402_1005Metric,307.34,-67.818,0,top
C125,1uF,C_0402_1005Metric,314.96,-67.818,0,top
C126,1uF,C_0402_1005Metric,322.58,-67.818,0,top
C127,1uF,C_0402_1005Metric,330.2,-67.818,0,top
C128,1uF,C_0402_1005Metric,337.82,-67.818,0,top
C129,1uF,C_0402_1005Metric,40.64,-75.438,0,top
C130,1uF,C_0402_1005Metric,48.26,-75.438,0,top
C131,1uF,C_0402_1005Metric,55.88,-75.438,0,top
C132,1uF,C_0402_1005Metric,63.5,-75.438,0,top
C133,1uF,C_0402_1005Metric,71.12,-75.438,0,top
C134,1uF,C_0402_1005Metric,78.74,-75.438,0,top
C135,1uF,C_0402_1005Metric,86.36,-75.438,0,top
C136,1uF,C_0402_1005Metric,93.98,-75.438,0,top
C137,1uF,C_0402_1005Metric,101.6,-75.438,0,top
C138,1uF,C_0402_1005Metric,109.22,-75.438,0,top
C139,1uF,C_0402_1005Metric,116.84,-75.438,0,top
C140,1uF,C_0402_1005Metric,124.46,-75.438,0,top
C141,1uF,C_0402_1005Metric,132.08,-75.438,0,top
C142,1uF,C_0402_1005Metric,139.7,-75.438,0,top
C143,1uF,C_0402_1005Metric,147.32,-75.438,0,top
C144,1uF,C_0402_1005Metric,154.94,-75.438,0,top
C145,1uF,C_0402_1005Metric,162.56,-75.438,0,top
C146,1uF,C_0402_1005Metric,170.18,-75.438,0,top
C147,1uF,C_0402_1005Metric,177.8,-75.438,0,top
C148,1uF,C_0402_1005Metric,185.42,-75.438,0,top
C149,1uF,C_0402_1005Metric,193.04,-75.438,0,top
C150,1uF,C_0402_1005Metric,200.66,-75.438,0,top
C151,1uF,C_0402_1005Metric,208.28,-75.438,0,top
C152,1uF,C_0402_1005Metric,215.9,-75.438,0,top
C153,1uF,C_0402_1005Metric,223.52,-75.438,0,top
C154,1uF,C_0402_1005Metric,231.14,-75.438,0,top
C155,1uF,C_0402_1005Metric,238.76,-75.438,0,top
C156,1uF,C_0402_1005Metric,246.38,-75.438,0,top
C157,1uF,C_0402_1005Metric,254,-75.438,0,top
C158,1uF,C_0402_1005Metric,261.62,-75.438,0,top
C159,1uF,C_0402_1005Metric,269.24,-75.438,0,top
C160,1uF,C_0402_1005Metric,276.86,-75.438,0,top
C161,1uF,C_0402_1005Metric,284.48,-75.438,0,top
C162,1uF,C_0402_1005Metric,292.1,-75.438,0,top
C163,1uF,C_0402_1005Metric,299.72,-75.438,0,top
C164,1uF,C_0402_1005Metric,307.34,-75.438,0,top
C165,1uF,C_0402_1005Metric,314.96,-75.438,0,top
C166,1uF,C_0402_1005Metric,322.58,-75.438,0,top
C167,1uF,C_0402_1005Metric,330.2,-75.438,0,top
C168,1uF,C_0402_1005Metric,337.82,-75.438,0,top
C169,1uF,C_0402_1005Metric,40.64,-83.058,0,top
C170,1uF,C_0402_1005Metric,48.26,-83.058,0,top
C171,1uF,C_0402_1005Metric,55.88,-83.058,0,top
C172,1uF,C_0402_1005Metric,63.5,-83.058,0,top
C173,1uF,C_0402_1005Metric,71.12,-83.058,0,top
C174,1uF,C_0402_1005Metric,78.74,-83.058,0,top
C175,1uF,C_0402_1005Metric,86.36,-83.058,0,top
C176,1uF,C_0402_1005Metric,93.98,-83.058,0,top
C177,1uF,C_0402_1005Metric,101.6,-83.058,0,top
C178,1uF,C_0402_1005Metric,109.22,-83.058,0,top
C179,1uF,C_0402_1005Metric,116.84,-83.058,0,top
C180,1uF,C_0402_1005Metric,124.46,-83.058,0,top
C181,1uF,C_0402_1005Metric,132.08,-83.058,0,top
C182,1uF,C_0402_1005Metric,139.7,-83.058,0,top
C183,1uF,C_0402_1005Metric,147.32,-83.058,0,top
C184,1uF,C_0402_1005Metric,154.94,-83.058,0,top
C185,1uF,C_0402_1005Metric,162.56,-83.058,0,top
C186,1uF,C_0402_1005Metric,170.18,-83.058,0,top
C187,1uF,C_0402_1005Metric,177.8,-83.058,0,top
C188,1uF,C_0402_1005Metric,185.42,-83.058,0,top
C189,1uF,C_0402_1005Metric,193.04,-83.058,0,top
C190,1uF,C_0402_1005Metric,200.66,-83.058,0,top
C191,1uF,C_0402_1005Metric,208.28,-83.058,0,top
C192,1uF,C_0402_1005Metric,215.9,-83.058,0,top
C193,1uF,C_0402_1005Metric,223.52,-83.058,0,top
C194,1uF,C_0402_1005Metric,231.14,-83.058,0,top
C195,1uF,C_0402_1005Metric,238.76,-83.058,0,top
C196,1uF,C_0402_1005Metric,246.38,-83.058,0,top
C197,1uF,C_0402_1005Metric,254,-83.058,0,top
C198,1uF,C_0402_1005Metric,261.62,-83.058,0,top
C199,1uF,C_0402_1005Metric,269.24,-83.058,0,top
C200,1uF,C_0402_1005Metric,276.86,-83.058,0,top
C201,1uF,C_0402_1005Metric,284.48,-83.058,0,top
C202,1uF,C_0402_1005Metric,292.1,-83.058,0,top
C203,1uF,C_0402_1005Metric,299.72,-83.058,0,top
C204,1uF,C_0402_1005Metric,307.34,-83.058,0,top
C205,1uF,C_0402_1005Metric,314.96,-83.058,0,top
C206,1uF,C_0402_1005Metric,322.58,-83.058,0,top
C207,1uF,C_0402_1005Metric,330.2,-83.058,0,top
C208,1uF,C_0402_1005Metric,337.82,-83.058,0,top
C209,1uF,C_0402_1005Metric,40.64,-90.678,0,top
C210,1uF,C_0402_1005Metric,48.26,-90.678,0,top
C211,1uF,C_0402_1005Metric,55.88,-90.678,0,top
C212,1uF,C_0402_1005Metric,63.5,-90.678,0,top
C213,1uF,C_0402_1005Metric,71.12,-90.678,0,top
C214,1uF,C_0402_1005Metric,78.74,-90.678,0,top
C215,1uF,C_0402_1005Metric,86.36,-90.678,0,top
C216,1uF,C_0402_1005Metric,93.98,-90.678,0,top
C217,1uF,C_0402_1005Metric,101.6,-90.678,0,top
C218,1uF,C_0402_1005Metric,109.22,-90.678,0,top
C219,1uF,C_0402_1005Metric,116.84,-90.678,0,top
C220,1uF,C_0402_1005Metric,124.46,-90.678,0,top
C221,1uF,C_0402_1005Metric,132.08,-90.678,0,top
C222,1uF,C_0402_1005Metric,139.7,-90.678,0,top
C223,1uF,C_0402_1005Metric,147.32,-90.678,0,top
C224,1uF,C_0402_1005Metric,154.94,-90.678,0,top
C225,1uF,C_0402_1005Metric,162.56,-90.678,0,top
C226,1uF,C_0402_1005Metric,170.18,-90.678,0,top
C227,1uF,C_0402_1005Metric,177.8,-90.678,0,top
C228,1uF,C_0402_1005Metric,185.42,-90.678,0,top
C229,1uF,C_0402_1005Metric,193.04,-90.678,0,top
C230,1uF,C_0402_1005Metric,200.66,-90.678,0,top
C231,1uF,C_0402_1005Metric,208.28,-90.678,0,top
C232,1uF,C_0402_1005Metric,215.9,-90.678,0,top
C233,1uF,C_0402_1005Metric,223.52,-90.678,0,top
C234,1uF,C_0402_1005Metric,231.14,-90.678,0,top
C235,1uF,C_0402_1005Metric,238.76,-90.678,0,top
C236,1uF,C_0402_1005Metric,246.38,-90.678,0,top
C237,1uF,C_0402_1005Metric,254,-90.678,0,top
C238,1uF,C_0402_1005Metric,261.62,-90.678,0,top
C239,1uF,C_0402_1005Metric,269.24,-90.678,0,top
C240,1uF,C_0402_1005Metric,276.86,-90.678,0,top
C241,1uF,C_0402_1005Metric,284.48,-90.678,0,top
C242,1uF,C_0402_1005Metric,292.1,-90.678,0,top
C243,1uF,C_0402_1005Metric,299.72,-90.678,0,top
C244,1uF,C_0402_1005Metric,307.34,-90.678,0,top
C245,1uF,C_0402_1005Metric,314.96,-90.678,0,top
C246,1uF,C_0402_1005Metric,322.58,-90.678,0,top
C247,1uF,C_0402_1005Metric,330.2,-90.678,0,top
C248,1uF,C_0402_1005Metric,337.82,-90.678,0,top
C249,1uF,C_0402_1005Metric,40.64,-98.298,0,top
C250,1uF,C_0402_1005Metric,48.26,-98.298,0,top
C251,1uF,C_0402_1005Metric,55.88,-98.298,0,top
C252,1uF,C_0402_1005Metric,63.5,-98.298,0,top
C253,1uF,C_0402_1005Metric,71.12,-98.298,0,top
C254,1uF,C_0402_1005Metric,78.74,-98.298,0,top
C255,1uF,C_0402_1005Metric,86.36,-98.298,0,top
C256,1uF,C_0402_1005Metric,93.98,-98.298,0,top
C257,1uF,C_0402_1005Metric,101.6,-98.298,0,top
C258,1uF,C_0402_1005Metric,109.22,-98.298,0,top
C259,1uF,C_0402_1005Metric,116.84,-98.298,0,top
C260,1uF,C_0402_1005Metric,124.46,-98.298,0,top
C261,1uF,C_0402_1005Metric,132.08,-98.298,0,top
C262,1uF,C_0402_1005Metric,139.7,-98.298,0,top
C263,1uF,C_0402_1005Metric,147.32,-98.298,0,top
C264,1uF,C_0402_1005Metric,154.94,-98.298,0,top
C265,1uF,C_0402_1005Metric,162.56,-98.298,0,top
C266,1uF,C_0402_1005Metric,170.18,-98.298,0,top
C267,1uF,C_0402_1005Metric,177.8,-98.298,0,top
C268,1uF,C_0402_1005Metric,185.42,-98.298,0,top
C269,1uF,C_0402_1005Metric,193.04,-98.298,0,top
C270,1uF,C_0402_1005Metric,200.66,-98.298,0,top
C271,1uF,C_0402_1005Metric,208.28,-98.298,0,top
C272,1uF,C_0402_1005Metric,215.9,-98.298,0,top
C273,1uF,C_0402_1005Metric,223.52,-98.298,0,top
C274,1uF,C_0402_1005Metric,231.14,-98.298,0,top
C275,1uF,C_0402_1005Metric,238.76,-98.298,0,top
C276,1uF,C_0402_1005Metric,246.38,-98.298,0,top
C277,1uF,C_0402_1005Metric,254,-98.298,0,top
C278,1uF,C_0402_1005Metric,261.62,-98.298,0,top
C279,1uF,C_0402_1005Metric,269.24,-98.298,0,top
C280,1uF,C_0402_1005Metric,276.86,-98.298,0,top
C281,1uF,C_0402_1005Metric,284.48,-98.298,0,top
C282,1uF,C_0402_1005Metric,292.1,-98.298,0,top
C283,1uF,C_0402_1005Metric,299.72,-98.298,0,top
C284,1uF,C_0402_1005Metric,307.34,-98.298,0,top
C285,1uF,C_0402_1005Metric,314.96,-98.298,0,top
C286,1uF,C_0402_1005Metric,322.58,-98.298,0,top
C287,1uF,C_0402_1005Metric,330.2,-98.298,0,top
C288,1uF,C_0402_1005Metric,337.82,-98.298,0,top
C289,1uF,C_0402_1005Metric,40.64,-105.918,0,top
C290,1uF,C_0402_1005Metric,48.26,-105.918,0,top
C291,1uF,C_0402_1005Metric,55.88,-105.918,0,top
C292,1uF,C_0402_1005Metric,63.5,-105.918,0,top
C293,1uF,C_0402_1005Metric,71.12,-105.918,0,top
C294,1uF,C_0402_1005Metric,78.74,-105.918,0,top
C295,1uF,C_0402_1005Metric,86.36,-105.918,0,top
C296,1uF,C_0402_1005Metric,93.98,-105.918,0,top
C297,1uF,C_0402_1005Metric,101.6,-105.918,0,top
C298,1uF,C_0402_1005Metric,109.22,-105.918,0,top
C299,1uF,C_0402_1005Metric,116.84,-105.918,0,top
C300,1uF,C_0402_1005Metric,124.46,-105.918,0,top
C301,1uF,C_0402_1005Metric,132.08,-105.918,0,top
C302,1uF,C_0402_1005Metric,139.7,-105.918,0,top
C303,1uF,C_0402_1005Metric,147.32,-105.918,0,top
C304,1uF,C_0402_1005Metric,154.94,-105.918,0,top
C305,1uF,C_0402_1005Metric,162.56,-105.918,0,top
C306,1uF,C_0402_1005Metric,170.18,-105.918,0,top
C307,1uF,C_0402_1005Metric,177.8,-105.918,0,top
C308,1uF,C_0402_1005Metric,185.42,-105.918,0,top
C309,1uF,C_0402_1005Metric,193.04,-105.918,0,top
C310,1uF,C_0402_1005Metric,200.66,-105.918,0,top
C311,1uF,C_0402_1005Metric,208.28,-105.918,0,top
C312,1uF,C_0402_1005Metric,215.9,-105.918,0,top
C313,1uF,C_0402_1005Metric,223.52,-105.918,0,top
C314,1uF,C_0402_1005Metric,231.14,-105.918,0,top
C315,1uF,C_0402_1005Metric,238.76,-105.918,0,top
C316,1uF,C_0402_1005Metric,246.38,-105.918,0,top
C317,1uF,C_0402_1005Metric,254,-105.918,0,top
C318,1uF,C_0402_1005Metric,261.62,-105.918,0,top
C319,1uF,C_0402_1005Metric,269.24,-105.918,0,top
C320,1uF,C_0402_1005Metric,276.86,-105.918,0,top
C321,1uF,C_0402_1005Metric,284.48,-105.918,0,top
C322,1uF,C_0402_1005Metric,292.1,-105.918,0,top
C323,1uF,C_0402_1005Metric,299.72,-105.918,0,top
C324,1uF,C_0402_1005Metric,307.34,-105.918,0,top
C325,1uF,C_0402_1005Metric,314.96,-105.918,0,top
C326,1uF,C_0402_1005Metric,322.58,-105.918,0,top
C327,1uF,C_0402_1005Metric,330.2,-105.918,0,top
C328,1uF,C_0402_1005Metric,337.82,-105.918,0,top
C329,1uF,C_0402_1005Metric,40.64,-113.538,0,top
C330,1uF,C_0402_1005Metric,48.26,-113.538,0,top
C331,1uF,C_0402_1005Metric,55.88,-113.538,0,top
C332,1uF,C_0402_1005Metric,63.5,-113.538,0,top
C333,1uF,C_0402_1005Metric,71.12,-113.538,0,top
C334,1uF,C_0402_1005Metric,78.74,-113.538,0,top
C335,1uF,C_0402_1005Metric,86.36,-113.538,0,top
C336,1uF,C_0402_1005Metric,93.98,-113.538,0,top
C337,1uF,C_0402_1005Metric,101.6,-113.538,0,top
C338,1uF,C_0402_1005Metric,109.22,-113.538,0,top
C339,1uF,C_0402_1005Metric,116.84,-113.538,0,top
C340,1uF,C_0402_1005Metric,124.46,-113.538,0,top
C341,1uF,C_0402_1005Metric,132.08,-113.538,0,top
C342,1uF,C_0402_1005Metric,139.7,-113.538,0,top
C343,1uF,C_0402_1005Metric,147.32,-113.538,0,top
C344,1uF,C_0402_1005Metric,154.94,-113.538,0,top
C345,1uF,C_0402_1005Metric,162.56,-113.538,0,top
C346,1uF,C_0402_1005Metric,170.18,-113.538,0,top
C347,1uF,C_0402_1005Metric,177.8,-113.538,0,top
C348,1uF,C_0402_1005Metric,185.42,-113.538,0,top
C349,1uF,C_0402_1005Metric,193.04,-113.538,0,top
C350,1uF,C_0402_1005Metric,200.66,-113.538,0,top
C351,1uF,C_0402_1005Metric,208.28,-113.538,0,top
C352,1uF,C_0402_1005Metric,215.9,-113.538,0,top
C353,1uF,C_0402_1005Metric,223.52,-113.538,0,top
C354,1uF,C_0402_1005Metric,231.14,-113.538,0,top
C355,1uF,C_0402_1005Metric,238.76,-113.538,0,top
C356,1uF,C_0402_1005Metric,246.38,-113.538,0,top
C357,1uF,C_0402_1005Metric,254,-113.538,0,top
C358,1uF,C_0402_1005Metric,261.62,-113.538,0,top
C359,1uF,C_0402_1005Metric,269.24,-113.538,0,top
C360,1uF,C_0402_1005Metric,276.86,-113.538,0,top
C361,1uF,C_0402_1005Metric,284.48,-113.538,0,top
C362,1uF,C_0402_1005Metric,292.1,-113.538,0,top
C363,1uF,C_0402_1005Metric,299.72,-113.538,0,top
C364,1uF,C_0402_1005Metric,307.34,-113.538,0,top
C365,1uF,C_0402_1005Metric,314.96,-113.538,0,top
C366,1uF,C_0402_1005Metric,322.58,-113.538,0,top
C367,1uF,C_0402_1005Metric,330.2,-113.538,0,top
C368,1uF,C_0402_1005Metric,337.82,-113.538,0,top
C369,1uF,C_0402_1005Metric,40.64,-121.158,0,top
C370,1uF,C_0402_1005Metric,48.26,-121.158,0,top
C371,1uF,C_0402_1005Metric,55.88,-121.158,0,top
C372,1uF,C_0402_1005Metric,63.5,-121.158,0,top
C373,1uF,C_0402_1005Metric,71.12,-121.158,0,top
C374,1uF,C_0402_1005Metric,78.74,-121.158,0,top
C375,1uF,C_0402_1005Metric,86.36,-121.158,0,top
C376,1uF,C_0402_1005Metric,93.98,-121.158,0,top
C377,1uF,C_0402_1005Metric,101.6,-121.158,0,top
C378,1uF,C_0402_1005Metric,109.22,-121.158,0,top
C379,1uF,C_0402_1005Metric,116.84,-121.158,0,top
C380,1uF,C_0402_1005Metric,124.46,-121.158,0,top
C381,1uF,C_0402_1005Metric,132.08,-121.158,0,top
C382,1uF,C_0402_1005Metric,139.7,-121.158,0,top
C383,1uF,C_0402_1005Metric,147.32,-121.158,0,top
C384,1uF,C_0402_1005Metric,154.94,-121.158,0,top
C385,1uF,C_0402_1005Metric,162.56,-121.158,0,top
C386,1uF,C_0402_1005Metric,170.18,-121.158,0,top
C387,1uF,C_0402_1005Metric,177.8,-121.158,0,top
C388,1uF,C_0402_1005Metric,185.42,-121.158,0,top
C389,1uF,C_0402_1005Metric,193.04,-121.158,0,top
C390,1uF,C_0402_1005Metric,200.66,-121.158,0,top
C391,1uF,C_0402_1005Metric,208.28,-121.158,0,top
C392,1uF,C_0402_1005Metric,215.9,-121.158,0,top
C393,1uF,C_0402_1005Metric,223.52,-121.158,0,top
C394,1uF,C_0402_1005Metric,231.14,-121.158,0,top
C395,1uF,C_0402_1005Metric,238.76,-121.158,0,top
C396,1uF,C_0402_1005Metric,246.38,-121.158,0,top
C397,1uF,C_0402_1005Metric,254,-121.158,0,top
C398,1uF,C_0402_1005Metric,261.62,-121.158,0,top
C399,1uF,C_0402_1005Metric,269.24,-121.158,0,top
C400,1uF,C_0402_1005Metric,276.86,-121.158,0,top
C401,1uF,C_0402_1005Metric,284.48,-121.158,0,top
C402,1uF,C_0402_1005Metric,292.1,-121.158,0,top
C403,1uF,C_0402_1005Metric,299.72,-121.158,0,top
C404,1uF,C_0402_1005Metric,307.34,-121.158,0,top
C405,1uF,C_0402_1005Metric,314.96,-121.158,0,top
C406,1uF,C_0402_1005Metric,322.58,-121.158,0,top
C407,1uF,C_0402_1005Metric,330.2,-121.158,0,top
C408,1uF,C_0402_1005Metric,337.82,-121.158,0,top
C409,1uF,C_0402_1005Metric,40.64,-128.778,0,top
C410,1uF,C_0402_1005Metric,48.26,-128.778,0,top
C411,1uF,C_0402_1005Metric,55.88,-128.778,0,top
C412,1uF,C_0402_1005Metric,63.5,-128.778,0,top
C413,1uF,C_0402_1005Metric,71.12,-128.778,0,top
C414,1uF,C_0402_1005Metric,78.74,-128.778,0,top
C415,1uF,C_0402_1005Metric,86.36,-128.778,0,top
C416,1uF,C_0402_1005Metric,93.98,-128.778,0,top
C417,1uF,C_0402_1005Metric,101.6,-128.778,0,top
C418,1uF,C_0402_1005Metric,109.22,-128.778,0,top
C419,1uF,C_0402_1005Metric,116.84,-128.778,0,top
C420,1uF,C_0402_1005Metric,124.46,-128.778,0,top
C421,1uF,C_0402_1005Metric,132.08,-128.778,0,top
C422,1uF,C_0402_1005Metric,139.7,-128.778,0,top
C423,1uF,C_0402_1005Metric,147.32,-128.778,0,top
C424,1uF,C_0402_1005Metric,154.94,-128.778,0,top
C425,1uF,C_0402_1005Metric,162.56,-128.778,0,top
C426,1uF,C_0402_1005Metric,170.18,-128.778,0,top
C427,1uF,C_0402_1005Metric,177.8,-128.778,0,top
C428,1uF,C_0402_1005Metric,185.42,-128.778,0,top
C429,1uF,C_0402_1005Metric,193.04,-128.778,0,top
C430,1uF,C_0402_1005Metric,200.66,-128.778,0,top
C431,1uF,C_0402_1005Metric,208.28,-128.778,0,top
C432,1uF,C_0402_1005Metric,215.9,-128.778,0,top
C433,1uF,C_0402_1005Metric,223.52,-128.778,0,top
C434,1uF,C_0402_1005Metric,231.14,-128.778,0,top
C435,1uF,C_0402_1005Metric,238.76,-128.778,0,top
C436,1uF,C_0402_1005Metric,246.38,-128.778,0,top
C437,1uF,C_0402_1005Metric,254,-128.778,0,top
C438,1uF,C_0402_1005Metric,261.62,-128.778,0,top
C439,1uF,C_0402_1005Metric,269.24,-128.778,0,top
C440,1uF,C_0402_1005Metric,276.86,-128.778,0,top
C441,1uF,C_0402_1005Metric,284.48,-128.778,0,top
C442,1uF,C_0402_1005Metric,292.1,-128.778,0,top
C443,1uF,C_0402_1005Metric,299.72,-128.778,0,top
C444,1uF,C_0402_1005Metric,307.34,-128.778,0,top
C445,1uF,C_0402_1005Metric,314.96,-128.778,0,top
C446,1uF,C_0402_1005Metric,322.58,-128.778,0,top
C447,1uF,C_0402_1005Metric,330.2,-128.778,0,top
C448,1uF,C_0402_1005Metric,337.82,-128.778,0,top
C449,1uF,C_0402_1005Metric,40.64,-136.398,0,top
C450,1uF,C_0402_1005Metric,48.26,-136.398,0,top
C451,1uF,C_0402_1005Metric,55.88,-136.398,0,top
C452,1uF,C_0402_1005Metric,63.5,-136.398,0,top
C453,1uF,C_0402_1005Metric,71.12,-136.398,0,top
C454,1uF,C_0402_1005Metric,78.74,-136.398,0,top
C455,1uF,C_0402_1005Metric,86.36,-136.398,0,top
C456,1uF,C_0402_1005Metric,93.98,-136.398,0,top
C457,1uF,C_0402_1005Metric,101.6,-136.398,0,top
C458,1uF,C_0402_1005Metric,109.22,-136.398,0,top
C459,1uF,C_0402_1005Metric,116.84,-136.398,0,top
C460,1uF,C_0402_1005Metric,124.46,-136.398,0,top
C461,1uF,C_0402_1005Metric,132.08,-136.398,0,top
C462,1uF,C_0402_1005Metric,139.7,-136.398,0,top
C463,1uF,C_0402_1005Metric,147.32,-136.398,0,top
C464,1uF,C_0402_1005Metric,154.94,-136.398,0,top
C465,1uF,C_0402_1005Metric,162.56,-136.398,0,top
C466,1uF,C_0402_1005Metric,170.18,-136.398,0,top
C467,1uF,C_0402_1005Metric,177.8,-136.398,0,top
C468,1uF,C_0402_1005Metric,185.42,-136.398,0,top
C469,1uF,C_0402_1005Metric,193.04,-136.398,0,top
C470,1uF,C_0402_1005Metric,200.66,-136.398,0,top
C471,1uF,C_0402_1005Metric,208.28,-136.398,0,top
C472,1uF,C_0402_1005Metric,215.9,-136.398,0,top
C473,1uF,C_0402_1005Metric,223.52,-136.398,0,top
C474,1uF,C_0402_1005Metric,231.14,-136.398,0,top
C475,1uF,C_0402_1005Metric,238.76,-136.398,0,top
C476,1uF,C_0402_1005Metric,246.38,-136.398,0,top
C477,1uF,C_0402_1005Metric,254,-136.398,0,top
C478,1uF,C_0402_1005Metric,261.62,-136.398,0,top
C479,1uF,C_0402_1005Metric,269.24,-136.398,0,top
C480,1uF,C_0402_1005Metric,276.86,-136.398,0,top
C481,1uF,C_0402_1005Metric,284.48,-136.398,0,top
C482,1uF,C_0402_1005Metric,292.1,-136.398,0,top
C483,1uF,C_0402_1005Metric,299.72,-136.398,0,top
C484,1uF,C_0402_1005Metric,307.34,-136.398,0,top
C485,1uF,C_0402_1005Metric,314.96,-136.398,0,top
C486,1uF,C_0402_1005Metric,322.58,-136.398,0,top
C487,1uF,C_0402_1005Metric,330.2,-136.398,0,top
C488,1uF,C_0402_1005Metric,337.82,-136.398,0,top
C489,1uF,C_0402_1005Metric,40.64,-144.018,0,top
C490,1uF,C_0402_1005Metric,48.26,-144.018,0,top
C491,1uF,C_0402_1005Metric,55.88,-144.018,0,top
C492,1uF,C_0402_1005Metric,63.5,-144.018,0,top
C493,1uF,C_0402_1005Metric,71.12,-144.018,0,top
C494,1uF,C_0402_1005Metric,78.74,-144.018,0,top
C495,1uF,C_0402_1005Metric,86.36,-144.018,0,top
C496,1uF,C_0402_1005Metric,93.98,-144.018,0,top
C497,1uF,C_0402_1005Metric,101.6,-144.018,0,top
C498,1uF,C_0402_1005Metric,109.22,-144.018,0,top
C499,1uF,C_0402_1005Metric,116.84,-144.018,0,top
C500,1uF,C_0402_1005Metric,124.46,-144.018,0,top
C501,1uF,C_0402_1005Metric,132.08,-144.018,0,top
C502,1uF,C_0402_1005Metric,139.7,-144.018,0,top
C503,1uF,C_0402_1005Metric,147.32,-144.018,0,top
C504,1uF,C_0402_1005Metric,154.94,-144.018,0,top
C505,1uF,C_0402_1005Metric,162.56,-144.018,0,top
C506,1uF,C_0402_1005Metric,170.18,-144.018,0,top
C507,1uF,C_0402_1005Metric,177.8,-144.018,0,top
C508,1uF,C_0402_1005Metric,185.42,-144.018,0,top
C509,1uF,C_0402_1005Metric,193.04,-144.018,0,top
C510,1uF,C_0402_1005Metric,200.66,-144.018,0,top
C511,1uF,C_0402_1005Metric,208.28,-144.018,0,top
C512,1uF,C_0402_1005Metric,215.9,-144.018,0,top
C513,1uF,C_0402_1005Metric,223.52,-144.018,0,top
C514,1uF,C_0402_1005Metric,231.14,-144.018,0,top
C515,1uF,C_0402_1005Metric,238.76,-144.018,0,top
C516,1uF,C_0402_1005Metric,246.38,-144.018,0,top
C517,1uF,C_0402_1005Metric,254,-144.018,0,top
C518,1uF,C_0402_1005Metric,261.62,-144.018,0,top
C519,1uF,C_0402_1005Metric,269.24,-144.018,0,top
C520,1uF,C_0402_1005Metric,276.86,-144.018,0,top
C521,1uF,C_0402_1005Metric,284.48,-144.018,0,top
C522,1uF,C_0402_1005Metric,292.1,-144.018,0,top
C523,1uF,C_0402_1005Metric,299.72,-144.018,0,top
C524,1uF,C_0402_1005Metric,307.34,-144.018,0,top
C525,1uF,C_0402_1005Metric,314.96,-144.018,0,top
C526,1uF,C_0402_1005Metric,322.58,-144.018,0,top
C527,1uF,C_0402_1005Metric,330.2,-144.018,0,top
C528,1uF,C_0402_1005Metric,337.82,-144.018,0,top
C529,1uF,C_0402_1005Metric,40.64,-151.638,0,top
C530,1uF,C_0402_1005Metric,48.26,-151.638,0,top
C531,1uF,C_0402_1005Metric,55.88,-151.638,0,top
C532,1uF,C_0402_1005Metric,63.5,-151.638,0,top
C533,1uF,C_0402_1005Metric,71.12,-151.638,0,top
C534,1uF,C_0402_1005Metric,78.74,-151.638,0,top
C535,1uF,C_0402_1005Metric,86.36,-151.638,0,top
C536,1uF,C_0402_1005Metric,93.98,-151.638,0,top
C537,1uF,C_0402_1005Metric,101.6,-151.638,0,top
C538,1uF,C_0402_1005Metric,109.22,-151.638,0,top
C539,1uF,C_0402_1005Metric,116.84,-151.638,0,top
C540,1uF,C_0402_1005Metric,124.46,-151.638,0,top
C541,1uF,C_0402_1005Metric,132.08,-151.638,0,top
C542,1uF,C_0402_1005Metric,139.7,-151.638,0,top
C543,1uF,C_0402_1005Metric,147.32,-151.638,0,top
C544,1uF,C_0402_1005Metric,154.94,-151.638,0,top
C545,1uF,C_0402_1005Metric,162.56,-151.638,0,top
C546,1uF,C_0402_1005Metric,170.18,-151.638,0,top
C547,1uF,C_0402_1005Metric,177.8,-151.638,0,top
C548,1uF,C_0402_1005Metric,185.42,-151.638,0,top
C549,1uF,C_0402_1005Metric,193.04,-151.638,0,top
C550,1uF,C_0402_1005Metric,200.66,-151.638,0,top
C551,1uF,C_0402_1005Metric,208.28,-151.638,0,top
C552,1uF,C_0402_1005Metric,215.9,-151.638,0,top
C553,1uF,C_0402_1005Metric,223.52,-151.638,0,top
C554,1uF,C_0402_1005Metric,231.14,-151.638,0,top
C555,1uF,C_0402_1005Metric,238.76,-151.638,0,top
C556,1uF,C_0402_1005Metric,246.38,-151.638,0,top
C557,1uF,C_0402_1005Metric,254,-151.638,0,top
C558,1uF,C_0402_1005Metric,261.62,-151.638,0,top
C559,1uF,C_0402_1005Metric,269.24,-151.638,0,top
C560,1uF,C_0402_1005Metric,276.86,-151.638,0,top
C561,1uF,C_0402_1005Metric,284.48,-151.638,0,top
C562,1uF,C_0402_1005Metric,292.1,-151.638,0,top
C563,1uF,C_0402_1005Metric,299.72,-151.638,0,top
C564,1uF,C_0402_1005Metric,307.34,-151.638,0,top
C565,1uF,C_0402_1005Metric,314.96,-151.638,0,top
C566,1uF,C_0402_1005Metric,322.58,-151.638,0,top
C567,1uF,C_0402_1005Metric,330.2,-151.638,0,top
C568,1uF,C_0402_1005Metric,337.82,-151.638,0,top
C569,1uF,C_0402_1005Metric,40.64,-159.258,0,top
C570,1uF,C_0402_1005Metric,48.26,-159.258,0,top
C571,1uF,C_0402_1005Metric,55.88,-159.258,0,top
C572,1uF,C_0402_1005Metric,63.5,-159.258,0,top
C573,1uF,C_0402_1005Metric,71.12,-159.258,0,top
C574,1uF,C_0402_1005Metric,78.74,-159.258,0,top
C575,1uF,C_0402_1005Metric,86.36,-159.258,0,top
C576,1uF,C_0402_1005Metric,93.98,-159.258,0,top
C577,1uF,C_0402_1005Metric,101.6,-159.258,0,top
C578,1uF,C_0402_1005Metric,109.22,-159.258,0,top
C579,1uF,C_0402_1005Metric,116.84,-159.258,0,top
C580,1uF,C_0402_1005Metric,124.46,-159.258,0,top
C581,1uF,C_0402_1005Metric,132.08,-159.258,0,top
C582,1uF,C_0402_1005Metric,139.7,-159.258,0,top
C583,1uF,C_0402_1005Metric,147.32,-159.258,0,top
C584,1uF,C_0402_1005Metric,154.94,-159.258,0,top
C585,1uF,C_0402_1005Metric,162.56,-159.258,0,top
C586,1uF,C_0402_1005Metric,170.18,-159.258,0,top
C587,1uF,C_0402_1005Metric,177.8,-159.258,0,top
C588,1uF,C_0402_1005Metric,185.42,-159.258,0,top
C589,1uF,C_0402_1005Metric,193.04,-159.258,0,top
C590,1uF,C_0402_1005Metric,200.66,-159.258,0,top
C591,1uF,C_0402_1005Metric,208.28,-159.258,0,top
C592,1uF,C_0402_1005Metric,215.9,-159.258,0,top
C593,1uF,C_0402_1005Metric,223.52,-159.258,0,top
C594,1uF,C_0402_1005Metric,231.14,-159.258,0,top
C595,1uF,C_0402_1005Metric,238.76,-159.258,0,top
C596,1uF,C_0402_1005Metric,246.38,-159.258,0,top
C597,1uF,C_0402_1005Metric,254,-159.258,0,top
C598,1uF,C_0402_1005Metric,261.62,-159.258,0,top
C599,1uF,C_0402_1005Metric,269.24,-159.258,0,top
C600,1uF,C_0402_1005Metric,276.86,-159.258,0,top
C601,1uF,C_0402_1005Metric,284.48,-159.258,0,top
C602,1uF,C_0402_1005Metric,292.1,-159.258,0,top
C603,1uF,C_0402_1005Metric,299.72,-159.258,0,top
C604,1uF,C_0402_1005Metric,307.34,-159.258,0,top
C605,1uF,C_0402_1005Metric,314.96,-159.258,0,top
C606,1uF,C_0402_1005Metric,322.58,-159.258,0,top
C607,1uF,C_0402_1005Metric,330.2,-159.258,0,top
C608,1uF,C_0402_1005Metric,337.82,-159.258,0,top
R1,0,R_0402_1005Metric,198.247,-105.918,0,top
U1,WS2812B,LED_WS2812B-B,43.18,-55.88,0,top
U2,WS2812B,LED_WS2812B-B,50.8,-55.88,0,top
U3,WS2812B,LED_WS2812B-B,58.42,-55.88,0,top
U4,WS2812B,LED_WS2812B-B,66.04,-55.88,0,top
U5,WS2812B,LED_WS2812B-B,73.66,-55.88,0,top
U6,WS2812B,LED_WS2812B-B,81.28,-55.88,0,top
U7,WS2812B,LED_WS2812B-B,88.9,-55.88,0,top
U8,WS2812B,LED_WS2812B-B,96.52,-55.88,0,top
U9,WS2812B,LED_WS2812B-B,104.14,-55.88,0,top
U10,WS2812B,LED_WS2812B-B,111.76,-55.88,0,top
U11,WS2812B,LED_WS2812B-B,119.38,-55.88,0,top
U12,WS2812B,LED_WS2812B-B,127,-55.88,0,top
U13,WS2812B,LED_WS2812B-B,134.62,-55.88,0,top
U14,WS2812B,LED_WS2812B-B,142.24,-55.88,0,top
U15,WS2812B,LED_WS2812B-B,149.86,-55.88,0,top
U16,WS2812B,LED_WS2812B-B,157.48,-55.88,0,top
U17,WS2812B,LED_WS2812B-B,165.1,-55.88,0,top
U18,WS2812B,LED_WS2812B-B,172.72,-55.88,0,top
U19,WS2812B,LED_WS2812B-B,180.34,-55.88,0,top
U20,WS2812B,LED_WS2812B-B,187.96,-55.88,0,top
U21,WS2812B,LED_WS2812B-B,195.58,-55.88,0,top
U22,WS2812B,LED_WS2812B-B,203.2,-55.88,0,top
U23,WS2812B,LED_WS2812B-B,210.82,-55.88,0,top
U24,WS2812B,LED_WS2812B-B,218.44,-55.88,0,top
U25,WS2812B,LED_WS2812B-B,226.06,-55.88,0,top
U26,WS2812B,LED_WS2812B-B,233.68,-55.88,0,top
U27,WS2812B,LED_WS2812B-B,241.3,-55.88,0,top
U28,WS2812B,LED_WS2812B-B,248.92,-55.88,0,top
U29,WS2812B,LED_WS2812B-B,256.54,-55.88,0,top
U30,WS2812B,LED_WS2812B-B,264.16,-55.88,0,top
U31,WS2812B,LED_WS2812B-B,271.78,-55.88,0,top
U32,WS2812B,LED_WS2812B-B,279.4,-55.88,0,top
U33,WS2812B,LED_WS2812B-B,287.02,-55.88,0,top
U34,WS2812B,LED_WS2812B-B,294.64,-55.88,0,top
U35,WS2812B,LED_WS2812B-B,302.26,-55.88,0,top
U36,WS2812B,LED_WS2812B-B,309.88,-55.88,0,top
U37,WS2812B,LED_WS2812B-B,317.5,-55.88,0,top
U38,WS2812B,LED_WS2812B-B,325.12,-55.88,0,top
U39,WS2812B,LED_WS2812B-B,332.74,-55.88,0,top
U40,WS2812B,LED_WS2812B-B,340.36,-55.88,0,top
U41,WS2812B,LED_WS2812B-B,43.18,-63.5,0,top
U42,WS2812B,LED_WS2812B-B,50.8,-63.5,0,top
U43,WS2812B,LED_WS2812B-B,58.42,-63.5,0,top
U44,WS2812B,LED_WS2812B-B,66.04,-63.5,0,top
U45,WS2812B,LED_WS2812B-B,73.66,-63.5,0,top
U46,WS2812B,LED_WS2812B-B,81.28,-63.5,0,top
U47,WS2812B,LED_WS2812B-B,88.9,-63.5,0,top
U48,WS2812B,LED_WS2812B-B,96.52,-63.5,0,top
U49,WS2812B,LED_WS2812B-B,104.14,-63.5,0,top
U50,WS2812B,LED_WS2812B-B,111.76,-63.5,0,top
U51,WS2812B,LED_WS2812B-B,119.38,-63.5,0,top
U52,WS2812B,LED_WS2812B-B,127,-63.5,0,top
U53,WS2812B,LED_WS2812B-B,134.62,-63.5,0,top
U54,WS2812B,LED_WS2812B-B,142.24,-63.5,0,top
U55,WS2812B,LED_WS2812B-B,149.86,-63.5,0,top
U56,WS2812B,LED_WS2812B-B,157.48,-63.5,0,top
U57,WS2812B,LED_WS2812B-B,165.1,-63.5,0,top
U58,WS2812B,LED_WS2812B-B,172.72,-63.5,0,top
U59,WS2812B,LED_WS2812B-B,180.34,-63.5,0,top
U60,WS2812B,LED_WS2812B-B,187.96,-63.5,0,top
U61,WS2812B,LED_WS2812B-B,195.58,-63.5,0,top
U62,WS2812B,LED_WS2812B-B,203.2,-63.5,0,top
U63,WS2812B,LED_WS2812B-B,210.82,-63.5,0,top
U64,WS2812B,LED_WS2812B-B,218.44,-63.5,0,top
U65,WS2812B,LED_WS2812B-B,226.06,-63.5,0,top
U66,WS2812B,LED_WS2812B-B,233.68,-63.5,0,top
U67,WS2812B,LED_WS2812B-B,241.3,-63.5,0,top
U68,WS2812B,LED_WS2812B-B,248.92,-63.5,0,top
U69,WS2812B,LED_WS2812B-B,256.54,-63.5,0,top
U70,WS2812B,LED_WS2812B-B,264.16,-63.5,0,top
U71,WS2812B,LED_WS2812B-B,271.78,-63.5,0,top
U72,WS2812B,LED_WS2812B-B,279.4,-63.5,0,top
U73,WS2812B,LED_WS2812B-B,287.02,-63.5,0,top
U74,WS2812B,LED_WS2812B-B,294.64,-63.5,0,top
U75,WS2812B,LED_WS2812B-B,302.26,-63.5,0,top
U76,WS2812B,LED_WS2812B-B,309.88,-63.5,0,top
U77,WS2812B,LED_WS2812B-B,317.5,-63.5,0,top
U78,WS2812B,LED_WS2812B-B,325.12,-63.5,0,top
U79,WS2812B,LED_WS2812B-B,332.74,-63.5,0,top
U80,WS2812B,LED_WS2812B-B,340.36,-63.5,0,top
U81,WS2812B,LED_WS2812B-B,43.18,-71.12,0,top
U82,WS2812B,LED_WS2812B-B,50.8,-71.12,0,top
U83,WS2812B,LED_WS2812B-B,58.42,-71.12,0,top
U84,WS2812B,LED_WS2812B-B,66.04,-71.12,0,top
U85,WS2812B,LED_WS2812B-B,73.66,-71.12,0,top
U86,WS2812B,LED_WS2812B-B,81.28,-71.12,0,top
U87,WS2812B,LED_WS2812B-B,88.9,-71.12,0,top
U88,WS2812B,LED_WS2812B-B,96.52,-71.12,0,top
U89,WS2812B,LED_WS2812B-B,104.14,-71.12,0,top
U90,WS2812B,LED_WS2812B-B,111.76,-71.12,0,top
U91,WS2812B,LED_WS2812B-B,119.38,-71.12,0,top
U92,WS2812B,LED_WS2812B-B,127,-71.12,0,top
U93,WS2812B,LED_WS2812B-B,134.62,-71.12,0,top
U94,WS2812B,LED_WS2812B-B,142.24,-71.12,0,top
U95,WS2812B,LED_WS2812B-B,149.86,-71.12,0,top
U96,WS2812B,LED_WS2812B-B,157.48,-71.12,0,top
U97,WS2812B,LED_WS2812B-B,165.1,-71.12,0,top
U98,WS2812B,LED_WS2812B-B,172.72,-71.12,0,top
U99,WS2812B,LED_WS2812B-B,180.34,-71.12,0,top
U100,WS2812B,LED_WS2812B-B,187.96,-71.12,0,top
U101,WS2812B,LED_WS2812B-B,195.58,-71.12,0,top
U102,WS2812B,LED_WS2812B-B,203.2,-71.12,0,top
U103,WS2812B,LED_WS2812B-B,210.82,-71.12,0,top
U104,WS2812B,LED_WS2812B-B,218.44,-71.12,0,top
U105,WS2812B,LED_WS2812B-B,226.06,-71.12,0,top
U106,WS2812B,LED_WS2812B-B,233.68,-71.12,0,top
U107,WS2812B,LED_WS2812B-B,241.3,-71.12,0,top
U108,WS2812B,LED_WS2812B-B,248.92,-71.12,0,top
U109,WS2812B,LED_WS2812B-B,256.54,-71.12,0,top
U110,WS2812B,LED_WS2812B-B,264.16,-71.12,0,top
U111,WS2812B,LED_WS2812B-B,271.78,-71.12,0,top
U112,WS2812B,LED_WS2812B-B,279.4,-71.12,0,top
U113,WS2812B,LED_WS2812B-B,287.02,-71.12,0,top
U114,WS2812B,LED_WS2812B-B,294.64,-71.12,0,top
U115,WS2812B,LED_WS2812B-B,302.26,-71.12,0,top
U116,WS2812B,LED_WS2812B-B,309.88,-71.12,0,top
U117,WS2812B,LED_WS2812B-B,317.5,-71.12,0,top
U118,WS2812B,LED_WS2812B-B,325.12,-71.12,0,top
U119,WS2812B,LED_WS2812B-B,332.74,-71.12,0,top
U120,WS2812B,LED_WS2812B-B,340.36,-71.12,0,top
U121,WS2812B,LED_WS2812B-B,43.18,-78.74,0,top
U122,WS2812B,LED_WS2812B-B,50.8,-78.74,0,top
U123,WS2812B,LED_WS2812B-B,58.42,-78.74,0,top
U124,WS2812B,LED_WS2812B-B,66.04,-78.74,0,top
U125,WS2812B,LED_WS2812B-B,73.66,-78.74,0,top
U126,WS2812B,LED_WS2812B-B,81.28,-78.74,0,top
U127,WS2812B,LED_WS2812B-B,88.9,-78.74,0,top
U128,WS2812B,LED_WS2812B-B,96.52,-78.74,0,top
U129,WS2812B,LED_WS2812B-B,104.14,-78.74,0,top
U130,WS2812B,LED_WS2812B-B,111.76,-78.74,0,top
U131,WS2812B,LED_WS2812B-B,119.38,-78.74,0,top
U132,WS2812B,LED_WS2812B-B,127,-78.74,0,top
U133,WS2812B,LED_WS2812B-B,134.62,-78.74,0,top
U134,WS2812B,LED_WS2812B-B,142.24,-78.74,0,top
U135,WS2812B,LED_WS2812B-B,149.86,-78.74,0,top
U136,WS2812B,LED_WS2812B-B,157.48,-78.74,0,top
U137,WS2812B,LED_WS2812B-B,165.1,-78.74,0,top
U138,WS2812B,LED_WS2812B-B,172.72,-78.74,0,top
U139,WS2812B,LED_WS2812B-B,180.34,-78.74,0,top
U140,WS2812B,LED_WS2812B-B,187.96,-78.74,0,top
U141,WS2812B,LED_WS2812B-B,195.58,-78.74,0,top
U142,WS2812B,LED_WS2812B-B,203.2,-78.74,0,top
U143,WS2812B,LED_WS2812B-B,210.82,-78.74,0,top
U144,WS2812B,LED_WS2812B-B,218.44,-78.74,0,top
U145,WS2812B,LED_WS2812B-B,226.06,-78.74,0,top
U146,WS2812B,LED_WS2812B-B,233.68,-78.74,0,top
U147,WS2812B,LED_WS2812B-B,241.3,-78.74,0,top
U148,WS2812B,LED_WS2812B-B,248.92,-78.74,0,top
U149,WS2812B,LED_WS2812B-B,256.54,-78.74,0,top
U150,WS2812B,LED_WS2812B-B,264.16,-78.74,0,top
U151,WS2812B,LED_WS2812B-B,271.78,-78.74,0,top
U152,WS2812B,LED_WS2812B-B,279.4,-78.74,0,top
U153,WS2812B,LED_WS2812B-B,287.02,-78.74,0,top
U154,WS2812B,LED_WS2812B-B,294.64,-78.74,0,top
U155,WS2812B,LED_WS2812B-B,302.26,-78.74,0,top
U156,WS2812B,LED_WS2812B-B,309.88,-78.74,0,top
U157,WS2812B,LED_WS2812B-B,317.5,-78.74,0,top
U158,WS2812B,LED_WS2812B-B,325.12,-78.74,0,top
U159,WS2812B,LED_WS2812B-B,332.74,-78.74,0,top
U160,WS2812B,LED_WS2812B-B,340.36,-78.74,0,top
U161,WS2812B,LED_WS2812B-B,43.18,-86.36,0,top
U162,WS2812B,LED_WS2812B-B,50.8,-86.36,0,top
U163,WS2812B,LED_WS2812B-B,58.42,-86.36,0,top
U164,WS2812B,LED_WS2812B-B,66.04,-86.36,0,top
U165,WS2812B,LED_WS2812B-B,73.66,-86.36,0,top
U166,WS2812B,LED_WS2812B-B,81.28,-86.36,0,top
U167,WS2812B,LED_WS2812B-B,88.9,-86.36,0,top
U168,WS2812B,LED_WS2812B-B,96.52,-86.36,0,top
U169,WS2812B,LED_WS2812B-B,104.14,-86.36,0,top
U170,WS2812B,LED_WS2812B-B,111.76,-86.36,0,top
U171,WS2812B,LED_WS2812B-B,119.38,-86.36,0,top
U172,WS2812B,LED_WS2812B-B,127,-86.36,0,top
U173,WS2812B,LED_WS2812B-B,134.62,-86.36,0,top
U174,WS2812B,LED_WS2812B-B,142.24,-86.36,0,top
U175,WS2812B,LED_WS2812B-B,149.86,-86.36,0,top
U176,WS2812B,LED_WS2812B-B,157.48,-86.36,0,top
U177,WS2812B,LED_WS2812B-B,165.1,-86.36,0,top
U178,WS2812B,LED_WS2812B-B,172.72,-86.36,0,top
U179,WS2812B,LED_WS2812B-B,180.34,-86.36,0,top
U180,WS2812B,LED_WS2812B-B,187.96,-86.36,0,top
U181,WS2812B,LED_WS2812B-B,195.58,-86.36,0,top
U182,WS2812B,LED_WS2812B-B,203.2,-86.36,0,top
U183,WS2812B,LED_WS2812B-B,210.82,-86.36,0,top
U184,WS2812B,LED_WS2812B-B,218.44,-86.36,0,top
U185,WS2812B,LED_WS2812B-B,226.06,-86.36,0,top
U186,WS2812B,LED_WS2812B-B,233.68,-86.36,0,top
U187,WS2812B,LED_WS2812B-B,241.3,-86.36,0,top
U188,WS2812B,LED_WS2812B-B,248.92,-86.36,0,top
U189,WS2812B,LED_WS2812B-B,256.54,-86.36,0,top
U190,WS2812B,LED_WS2812B-B,264.16,-86.36,0,top
U191,WS2812B,LED_WS2812B-B,271.78,-86.36,0,top
U192,WS2812B,LED_WS2812B-B,279.4,-86.36,0,top
U193,WS2812B,LED_WS2812B-B,287.02,-86.36,0,top
U194,WS2812B,LED_WS2812B-B,294.64,-86.36,0,top
U195,WS2812B,LED_WS2812B-B,302.26,-86.36,0,top
U196,WS2812B,LED_WS2812B-B,309.88,-86.36,0,top
U197,WS2812B,LED_WS2812B-B,317.5,-86.36,0,top
U198,WS2812B,LED_WS2812B-B,325.12,-86.36,0,top
U199,WS2812B,LED_WS2812B-B,332.74,-86.36,0,top
U200,WS2812B,LED_WS2812B-B,340.36,-86.36,0,top
U201,WS2812B,LED_WS2812B-B,43.18,-93.98,0,top
U202,WS2812B,LED_WS2812B-B,50.8,-93.98,0,top
U203,WS2812B,LED_WS2812B-B,58.42,-93.98,0,top
U204,WS2812B,LED_WS2812B-B,66.04,-93.98,0,top
U205,WS2812B,LED_WS2812B-B,73.66,-93.98,0,top
U206,WS2812B,LED_WS2812B-B,81.28,-93.98,0,top
U207,WS2812B,LED_WS2812B-B,88.9,-93.98,0,top
U208,WS2812B,LED_WS2812B-B,96.52,-93.98,0,top
U209,WS2812B,LED_WS2812B-B,104.14,-93.98,0,top
U210,WS2812B,LED_WS2812B-B,111.76,-93.98,0,top
U211,WS2812B,LED_WS2812B-B,119.38,-93.98,0,top
U212,WS2812B,LED_WS2812B-B,127,-93.98,0,top
U213,WS2812B,LED_WS2812B-B,134.62,-93.98,0,top
U214,WS2812B,LED_WS2812B-B,142.24,-93.98,0,top
U215,WS2812B,LED_WS2812B-B,149.86,-93.98,0,top
U216,WS2812B,LED_WS2812B-B,157.48,-93.98,0,top
U217,WS2812B,LED_WS2812B-B,165.1,-93.98,0,top
U218,WS2812B,LED_WS2812B-B,172.72,-93.98,0,top
U219,WS2812B,LED_WS2812B-B,180.34,-93.98,0,top
U220,WS2812B,LED_WS2812B-B,187.96,-93.98,0,top
U221,WS2812B,LED_WS2812B-B,195.58,-93.98,0,top
U222,WS2812B,LED_WS2812B-B,203.2,-93.98,0,top
U223,WS2812B,LED_WS2812B-B,210.82,-93.98,0,top
U224,WS2812B,LED_WS2812B-B,218.44,-93.98,0,top
U225,WS2812B,LED_WS2812B-B,226.06,-93.98,0,top
U226,WS2812B,LED_WS2812B-B,233.68,-93.98,0,top
U227,WS2812B,LED_WS2812B-B,241.3,-93.98,0,top
U228,WS2812B,LED_WS2812B-B,248.92,-93.98,0,top
U229,WS2812B,LED_WS2812B-B,256.54,-93.98,0,top
U230,WS2812B,LED_WS2812B-B,264.16,-93.98,0,top
U231,WS2812B,LED_WS2812B-B,271.78,-93.98,0,top
U232,WS2812B,LED_WS2812B-B,279.4,-93.98,0,top
U233,WS2812B,LED_WS2812B-B,287.02,-93.98,0,top
U234,WS2812B,LED_WS2812B-B,294.64,-93.98,0,top
U235,WS2812B,LED_WS2812B-B,302.26,-93.98,0,top
U236,WS2812B,LED_WS2812B-B,309.88,-93.98,0,top
U237,WS2812B,LED_WS2812B-B,317.5,-93.98,0,top
U238,WS2812B,LED_WS2812B-B,325.12,-93.98,0,top
U239,WS2812B,LED_WS2812B-B,332.74,-93.98,0,top
U240,WS2812B,LED_WS2812B-B,340.36,-93.98,0,top
U241,WS2812B,LED_WS2812B-B,43.18,-101.6,0,top
U242,WS2812B,LED_WS2812B-B,50.8,-101.6,0,top
U243,WS2812B,LED_WS2812B-B,58.42,-101.6,0,top
U244,WS2812B,LED_WS2812B-B,66.04,-101.6,0,top
U245,WS2812B,LED_WS2812B-B,73.66,-101.6,0,top
U246,WS2812B,LED_WS2812B-B,81.28,-101.6,0,top
U247,WS2812B,LED_WS2812B-B,88.9,-101.6,0,top
U248,WS2812B,LED_WS2812B-B,96.52,-101.6,0,top
U249,WS2812B,LED_WS2812B-B,104.14,-101.6,0,top
U250,WS2812B,LED_WS2812B-B,111.76,-101.6,0,top
U251,WS2812B,LED_WS2812B-B,119.38,-101.6,0,top
U252,WS2812B,LED_WS2812B-B,127,-101.6,0,top
U253,WS2812B,LED_WS2812B-B,134.62,-101.6,0,top
U254,WS2812B,LED_WS2812B-B,142.24,-101.6,0,top
U255,WS2812B,LED_WS2812B-B,149.86,-101.6,0,top
U256,WS2812B,LED_WS2812B-B,157.48,-101.6,0,top
U257,WS2812B,LED_WS2812B-B,165.1,-101.6,0,top
U258,WS2812B,LED_WS2812B-B,172.72,-101.6,0,top
U259,WS2812B,LED_WS2812B-B,180.34,-101.6,0,top
U260,WS2812B,LED_WS2812B-B,187.96,-101.6,0,top
U261,WS2812B,LED_WS2812B-B,195.58,-101.6,0,top
U262,WS2812B,LED_WS2812B-B,203.2,-101.6,0,top
U263,WS2812B,LED_WS2812B-B,210.82,-101.6,0,top
U264,WS2812B,LED_WS2812B-B,218.44,-101.6,0,top
U265,WS2812B,LED_WS2812B-B,226.06,-101.6,0,top
U266,WS2812B,LED_WS2812B-B,233.68,-101.6,0,top
U267,WS2812B,LED_WS2812B-B,241.3,-101.6,0,top
U268,WS2812B,LED_WS2812B-B,248.92,-101.6,0,top
U269,WS2812B,LED_WS2812B-B,256.54,-101.6,0,top
U270,WS2812B,LED_WS2812B-B,264.16,-101.6,0,top
U271,WS2812B,LED_WS2812B-B,271.78,-101.6,0,top
U272,WS2812B,LED_WS2812B-B,279.4,-101.6,0,top
U273,WS2812B,LED_WS2812B-B,287.02,-101.6,0,top
U274,WS2812B,LED_WS2812B-B,294.64,-101.6,0,top
U275,WS2812B,LED_WS2812B-B,302.26,-101.6,0,top
U276,WS2812B,LED_WS2812B-B,309.88,-101.6,0,top
U277,WS2812B,LED_WS2812B-B,317.5,-101.6,0,top
U278,WS2812B,LED_WS2812B-B,325.12,-101.6,0,top
U279,WS2812B,LED_WS2812B-B,332.74,-101.6,0,top
U280,WS2812B,LED_WS2812B-B,340.36,-101.6,0,top
U281,WS2812B,LED_WS2812B-B,43.18,-109.22,0,top
U282,WS2812B,LED_WS2812B-B,50.8,-109.22,0,top
U283,WS2812B,LED_WS2812B-B,58.42,-109.22,0,top
U284,WS2812B,LED_WS2812B-B,66.04,-109.22,0,top
U285,WS2812B,LED_WS2812B-B,73.66,-109.22,0,top
U286,WS2812B,LED_WS2812B-B,81.28,-109.22,0,top
U287,WS2812B,LED_WS2812B-B,88.9,-109.22,0,top
U288,WS2812B,LED_WS2812B-B,96.52,-109.22,0,top
U289,WS2812B,LED_WS2812B-B,104.14,-109.22,0,top
U290,WS2812B,LED_WS2812B-B,111.76,-109.22,0,top
U291,WS2812B,LED_WS2812B-B,119.38,-109.22,0,top
U292,WS2812B,LED_WS2812B-B,127,-109.22,0,top
U293,WS2812B,LED_WS2812B-B,134.62,-109.22,0,top
U294,WS2812B,LED_WS2812B-B,142.24,-109.22,0,top
U295,WS2812B,LED_WS2812B-B,149.86,-109.22,0,top
U296,WS2812B,LED_WS2812B-B,157.48,-109.22,0,top
U297,WS2812B,LED_WS2812B-B,165.1,-109.22,0,top
U298,WS2812B,LED_WS2812B-B,172.72,-109.22,0,top
U299,WS2812B,LED_WS2812B-B,180.34,-109.22,0,top
U300,WS2812B,LED_WS2812B-B,187.96,-109.22,0,top
U301,WS2812B,LED_WS2812B-B,195.58,-109.22,0,top
U302,WS2812B,LED_WS2812B-B,203.2,-109.22,0,top
U303,WS2812B,LED_WS2812B-B,210.82,-109.22,0,top
U304,WS2812B,LED_WS2812B-B,218.44,-109.22,0,top
U305,WS2812B,LED_WS2812B-B,226.06,-109.22,0,top
U306,WS2812B,LED_WS2812B-B,233.68,-109.22,0,top
U307,WS2812B,LED_WS2812B-B,241.3,-109.22,0,top
U308,WS2812B,LED_WS2812B-B,248.92,-109.22,0,top
U309,WS2812B,LED_WS2812B-B,256.54,-109.22,0,top
U310,WS2812B,LED_WS2812B-B,264.16,-109.22,0,top
U311,WS2812B,LED_WS2812B-B,271.78,-109.22,0,top
U312,WS2812B,LED_WS2812B-B,279.4,-109.22,0,top
U313,WS2812B,LED_WS2812B-B,287.02,-109.22,0,top
U314,WS2812B,LED_WS2812B-B,294.64,-109.22,0,top
U315,WS2812B,LED_WS2812B-B,302.26,-109.22,0,top
U316,WS2812B,LED_WS2812B-B,309.88,-109.22,0,top
U317,WS2812B,LED_WS2812B-B,317.5,-109.22,0,top
U318,WS2812B,LED_WS2812B-B,325.12,-109.22,0,top
U319,WS2812B,LED_WS2812B-B,332.74,-109.22,0,top
U320,WS2812B,LED_WS2812B-B,340.36,-109.22,0,top
U321,WS2812B,LED_WS2812B-B,43.18,-116.84,0,top
U322,WS2812B,LED_WS2812B-B,50.8,-116.84,0,top
U323,WS2812B,LED_WS2812B-B,58.42,-116.84,0,top
U324,WS2812B,LED_WS2812B-B,66.04,-116.84,0,top
U325,WS2812B,LED_WS2812B-B,73.66,-116.84,0,top
U326,WS2812B,LED_WS2812B-B,81.28,-116.84,0,top
U327,WS2812B,LED_WS2812B-B,88.9,-116.84,0,top
U328,WS2812B,LED_WS2812B-B,96.52,-116.84,0,top
U329,WS2812B,LED_WS2812B-B,104.14,-116.84,0,top
U330,WS2812B,LED_WS2812B-B,111.76,-116.84,0,top
U331,WS2812B,LED_WS2812B-B,119.38,-116.84,0,top
U332,WS2812B,LED_WS2812B-B,127,-116.84,0,top
U333,WS2812B,LED_WS2812B-B,134.62,-116.84,0,top
U334,WS2812B,LED_WS2812B-B,142.24,-116.84,0,top
U335,WS2812B,LED_WS2812B-B,149.86,-116.84,0,top
U336,WS2812B,LED_WS2812B-B,157.48,-116.84,0,top
U337,WS2812B,LED_WS2812B-B,165.1,-116.84,0,top
U338,WS2812B,LED_WS2812B-B,172.72,-116.84,0,top
U339,WS2812B,LED_WS2812B-B,180.34,-116.84,0,top
U340,WS2812B,LED_WS2812B-B,187.96,-116.84,0,top
U341,WS2812B,LED_WS2812B-B,195.58,-116.84,0,top
U342,WS2812B,LED_WS2812B-B,203.2,-116.84,0,top
U343,WS2812B,LED_WS2812B-B,210.82,-116.84,0,top
U344,WS2812B,LED_WS2812B-B,218.44,-116.84,0,top
U345,WS2812B,LED_WS2812B-B,226.06,-116.84,0,top
U346,WS2812B,LED_WS2812B-B,233.68,-116.84,0,top
U347,WS2812B,LED_WS2812B-B,241.3,-116.84,0,top
U348,WS2812B,LED_WS2812B-B,248.92,-116.84,0,top
U349,WS2812B,LED_WS2812B-B,256.54,-116.84,0,top
U350,WS2812B,LED_WS2812B-B,264.16,-116.84,0,top
U351,WS2812B,LED_WS2812B-B,271.78,-116.84,0,top
U352,WS2812B,LED_WS2812B-B,279.4,-116.84,0,top
U353,WS2812B,LED_WS2812B-B,287.02,-116.84,0,top
U354,WS2812B,LED_WS2812B-B,294.64,-116.84,0,top
U355,WS2812B,LED_WS2812B-B,302.26,-116.84,0,top
U356,WS2812B,LED_WS2812B-B,309.88,-116.84,0,top
U357,WS2812B,LED_WS2812B-B,317.5,-116.84,0,top
U358,WS2812B,LED_WS2812B-B,325.12,-116.84,0,top
U359,WS2812B,LED_WS2812B-B,332.74,-116.84,0,top
U360,WS2812B,LED_WS2812B-B,340.36,-116.84,0,top
U361,WS2812B,LED_WS2812B-B,43.18,-124.46,0,top
U362,WS2812B,LED_WS2812B-B,50.8,-124.46,0,top
U363,WS2812B,LED_WS2812B-B,58.42,-124.46,0,top
U364,WS2812B,LED_WS2812B-B,66.04,-124.46,0,top
U365,WS2812B,LED_WS2812B-B,73.66,-124.46,0,top
U366,WS2812B,LED_WS2812B-B,81.28,-124.46,0,top
U367,WS2812B,LED_WS2812B-B,88.9,-124.46,0,top
U368,WS2812B,LED_WS2812B-B,96.52,-124.46,0,top
U369,WS2812B,LED_WS2812B-B,104.14,-124.46,0,top
U370,WS2812B,LED_WS2812B-B,111.76,-124.46,0,top
U371,WS2812B,LED_WS2812B-B,119.38,-124.46,0,top
U372,WS2812B,LED_WS2812B-B,127,-124.46,0,top
U373,WS2812B,LED_WS2812B-B,134.62,-124.46,0,top
U374,WS2812B,LED_WS2812B-B,142.24,-124.46,0,top
U375,WS2812B,LED_WS2812B-B,149.86,-124.46,0,top
U376,WS2812B,LED_WS2812B-B,157.48,-124.46,0,top
U377,WS2812B,LED_WS2812B-B,165.1,-124.46,0,top
U378,WS2812B,LED_WS2812B-B,172.72,-124.46,0,top
U379,WS2812B,LED_WS2812B-B,180.34,-124.46,0,top
U380,WS2812B,LED_WS2812B-B,187.96,-124.46,0,top
U381,WS2812B,LED_WS2812B-B,195.58,-124.46,0,top
U382,WS2812B,LED_WS2812B-B,203.2,-124.46,0,top
U383,WS2812B,LED_WS2812B-B,210.82,-124.46,0,top
U384,WS2812B,LED_WS2812B-B,218.44,-124.46,0,top
U385,WS2812B,LED_WS2812B-B,226.06,-124.46,0,top
U386,WS2812B,LED_WS2812B-B,233.68,-124.46,0,top
U387,WS2812B,LED_WS2812B-B,241.3,-124.46,0,top
U388,WS2812B,LED_WS2812B-B,248.92,-124.46,0,top
U389,WS2812B,LED_WS2812B-B,256.54,-124.46,0,top
U390,WS2812B,LED_WS2812B-B,264.16,-124.46,0,top
U391,WS2812B,LED_WS2812B-B,271.78,-124.46,0,top
U392,WS2812B,LED_WS2812B-B,279.4,-124.46,0,top
U393,WS2812B,LED_WS2812B-B,287.02,-124.46,0,top
U394,WS2812B,LED_WS2812B-B,294.64,-124.46,0,top
U395,WS2812B,LED_WS2812B-B,302.26,-124.46,0,top
U396,WS2812B,LED_WS2812B-B,309.88,-124.46,0,top
U397,WS2812B,LED_WS2812B-B,317.5,-124.46,0,top
U398,WS2812B,LED_WS2812B-B,325.12,-124.46,0,top
U399,WS2812B,LED_WS2812B-B,332.74,-124.46,0,top
U400,WS2812B,LED_WS2812B-B,340.36,-124.46,0,top
U401,WS2812B,LED_WS2812B-B,43.18,-132.08,0,top
U402,WS2812B,LED_WS2812B-B,50.8,-132.08,0,top
U403,WS2812B,LED_WS2812B-B,58.42,-132.08,0,top
U404,WS2812B,LED_WS2812B-B,66.04,-132.08,0,top
U405,WS2812B,LED_WS2812B-B,73.66,-132.08,0,top
U406,WS2812B,LED_WS2812B-B,81.28,-132.08,0,top
U407,WS2812B,LED_WS2812B-B,88.9,-132.08,0,top
U408,WS2812B,LED_WS2812B-B,96.52,-132.08,0,top
U409,WS2812B,LED_WS2812B-B,104.14,-132.08,0,top
U410,WS2812B,LED_WS2812B-B,111.76,-132.08,0,top
U411,WS2812B,LED_WS2812B-B,119.38,-132.08,0,top
U412,WS2812B,LED_WS2812B-B,127,-132.08,0,top
U413,WS2812B,LED_WS2812B-B,134.62,-132.08,0,top
U414,WS2812B,LED_WS2812B-B,142.24,-132.08,0,top
U415,WS2812B,LED_WS2812B-B,149.86,-132.08,0,top
U416,WS2812B,LED_WS2812B-B,157.48,-132.08,0,top
U417,WS2812B,LED_WS2812B-B,165.1,-132.08,0,top
U418,WS2812B,LED_WS2812B-B,172.72,-132.08,0,top
U419,WS2812B,LED_WS2812B-B,180.34,-132.08,0,top
U420,WS2812B,LED_WS2812B-B,187.96,-132.08,0,top
U421,WS2812B,LED_WS2812B-B,195.58,-132.08,0,top
U422,WS2812B,LED_WS2812B-B,203.2,-132.08,0,top
U423,WS2812B,LED_WS2812B-B,210.82,-132.08,0,top
U424,WS2812B,LED_WS2812B-B,218.44,-132.08,0,top
U425,WS2812B,LED_WS2812B-B,226.06,-132.08,0,top
U426,WS2812B,LED_WS2812B-B,233.68,-132.08,0,top
U427,WS2812B,LED_WS2812B-B,241.3,-132.08,0,top
U428,WS2812B,LED_WS2812B-B,248.92,-132.08,0,top
U429,WS2812B,LED_WS2812B-B,256.54,-132.08,0,top
U430,WS2812B,LED_WS2812B-B,264.16,-132.08,0,top
U431,WS2812B,LED_WS2812B-B,271.78,-132.08,0,top
U432,WS2812B,LED_WS2812B-B,279.4,-132.08,0,top
U433,WS2812B,LED_WS2812B-B,287.02,-132.08,0,top
U434,WS2812B,LED_WS2812B-B,294.64,-132.08,0,top
U435,WS2812B,LED_WS2812B-B,302.26,-132.08,0,top
U436,WS2812B,LED_WS2812B-B,309.88,-132.08,0,top
U437,WS2812B,LED_WS2812B-B,317.5,-132.08,0,top
U438,WS2812B,LED_WS2812B-B,325.12,-132.08,0,top
U439,WS2812B,LED_WS2812B-B,332.74,-132.08,0,top
U440,WS2812B,LED_WS2812B-B,340.36,-132.08,0,top
U441,WS2812B,LED_WS2812B-B,43.18,-139.7,0,top
U442,WS2812B,LED_WS2812B-B,50.8,-139.7,0,top
U443,WS2812B,LED_WS2812B-B,58.42,-139.7,0,top
U444,WS2812B,LED_WS2812B-B,66.04,-139.7,0,top
U445,WS2812B,LED_WS2812B-B,73.66,-139.7,0,top
U446,WS2812B,LED_WS2812B-B,81.28,-139.7,0,top
U447,WS2812B,LED_WS2812B-B,88.9,-139.7,0,top
U448,WS2812B,LED_WS2812B-B,96.52,-139.7,0,top
U449,WS2812B,LED_WS2812B-B,104.14,-139.7,0,top
U450,WS2812B,LED_WS2812B-B,111.76,-139.7,0,top
U451,WS2812B,LED_WS2812B-B,119.38,-139.7,0,top
U452,WS2812B,LED_WS2812B-B,127,-139.7,0,top
U453,WS2812B,LED_WS2812B-B,134.62,-139.7,0,top
U454,WS2812B,LED_WS2812B-B,142.24,-139.7,0,top
U455,WS2812B,LED_WS2812B-B,149.86,-139.7,0,top
U456,WS2812B,LED_WS2812B-B,157.48,-139.7,0,top
U457,WS2812B,LED_WS2812B-B,165.1,-139.7,0,top
U458,WS2812B,LED_WS2812B-B,172.72,-139.7,0,top
U459,WS2812B,LED_WS2812B-B,180.34,-139.7,0,top
U460,WS2812B,LED_WS2812B-B,187.96,-139.7,0,top
U461,WS2812B,LED_WS2812B-B,195.58,-139.7,0,top
U462,WS2812B,LED_WS2812B-B,203.2,-139.7,0,top
U463,WS2812B,LED_WS2812B-B,210.82,-139.7,0,top
U464,WS2812B,LED_WS2812B-B,218.44,-139.7,0,top
U465,WS2812B,LED_WS2812B-B,226.06,-139.7,0,top
U466,WS2812B,LED_WS2812B-B,233.68,-139.7,0,top
U467,WS2812B,LED_WS2812B-B,241.3,-139.7,0,top
U468,WS2812B,LED_WS2812B-B,248.92,-139.7,0,top
U469,WS2812B,LED_WS2812B-B,256.54,-139.7,0,top
U470,WS2812B,LED_WS2812B-B,264.16,-139.7,0,top
U471,WS2812B,LED_WS2812B-B,271.78,-139.7,0,top
U472,WS2812B,LED_WS2812B-B,279.4,-139.7,0,top
U473,WS2812B,LED_WS2812B-B,287.02,-139.7,0,top
U474,WS2812B,LED_WS2812B-B,294.64,-139.7,0,top
U475,WS2812B,LED_WS2812B-B,302.26,-139.7,0,top
U476,WS2812B,LED_WS2812B-B,309.88,-139.7,0,top
U477,WS2812B,LED_WS2812B-B,317.5,-139.7,0,top
U478,WS2812B,LED_WS2812B-B,325.12,-139.7,0,top
U479,WS2812B,LED_WS2812B-B,332.74,-139.7,0,top
U480,WS2812B,LED_WS2812B-B,340.36,-139.7,0,top
U481,WS2812B,LED_WS2812B-B,43.18,-147.32,0,top
U482,WS2812B,LED_WS2812B-B,50.8,-147.32,0,top
U483,WS2812B,LED_WS2812B-B,58.42,-147.32,0,top
U484,WS2812B,LED_WS2812B-B,66.04,-147.32,0,top
U485,WS2812B,LED_WS2812B-B,73.66,-147.32,0,top
U486,WS2812B,LED_WS2812B-B,81.28,-147.32,0,top
U487,WS2812B,LED_WS2812B-B,88.9,-147.32,0,top
U488,WS2812B,LED_WS2812B-B,96.52,-147.32,0,top
U489,WS2812B,LED_WS2812B-B,104.14,-147.32,0,top
U490,WS2812B,LED_WS2812B-B,111.76,-147.32,0,top
U491,WS2812B,LED_WS2812B-B,119.38,-147.32,0,top
U492,WS2812B,LED_WS2812B-B,127,-147.32,0,top
U493,WS2812B,LED_WS2812B-B,134.62,-147.32,0,top
U494,WS2812B,LED_WS2812B-B,142.24,-147.32,0,top
U495,WS2812B,LED_WS2812B-B,149.86,-147.32,0,top
U496,WS2812B,LED_WS2812B-B,157.48,-147.32,0,top
U497,WS2812B,LED_WS2812B-B,165.1,-147.32,0,top
U498,WS2812B,LED_WS2812B-B,172.72,-147.32,0,top
U499,WS2812B,LED_WS2812B-B,180.34,-147.32,0,top
U500,WS2812B,LED_WS2812B-B,187.96,-147.32,0,top
U501,WS2812B,LED_WS2812B-B,195.58,-147.32,0,top
U502,WS2812B,LED_WS2812B-B,203.2,-147.32,0,top
U503,WS2812B,LED_WS2812B-B,210.82,-147.32,0,top
U504,WS2812B,LED_WS2812B-B,218.44,-147.32,0,top
U505,WS2812B,LED_WS2812B-B,226.06,-147.32,0,top
U506,WS2812B,LED_WS2812B-B,233.68,-147.32,0,top
U507,WS2812B,LED_WS2812B-B,241.3,-147.32,0,top
U508,WS2812B,LED_WS2812B-B,248.92,-147.32,0,top
U509,WS2812B,LED_WS2812B-B,256.54,-147.32,0,top
U510,WS2812B,LED_WS2812B-B,264.16,-147.32,0,top
U511,WS2812B,LED_WS2812B-B,271.78,-147.32,0,top
U512,WS2812B,LED_WS2812B-B,279.4,-147.32,0,top
U513,WS2812B,LED_WS2812B-B,287.02,-147.32,0,top
U514,WS2812B,LED_WS2812B-B,294.64,-147.32,0,top
U515,WS2812B,LED_WS2812B-B,302.26,-147.32,0,top
U516,WS2812B,LED_WS2812B-B,309.88,-147.32,0,top
U517,WS2812B,LED_WS2812B-B,317.5,-147.32,0,top
U518,WS2812B,LED_WS2812B-B,325.12,-147.32,0,top
U519,WS2812B,LED_WS2812B-B,332.74,-147.32,0,top
U520,WS2812B,LED_WS2812B-B,340.36,-147.32,0,top
U521,WS2812B,LED_WS2812B-B,43.18,-154.94,0,top
U522,WS2812B,LED_WS2812B-B,50.8,-154.94,0,top
U523,WS2812B,LED_WS2812B-B,58.42,-154.94,0,top
U524,WS2812B,LED_WS2812B-B,66.04,-154.94,0,top
U525,WS2812B,LED_WS2812B-B,73.66,-154.94,0,top
U526,WS2812B,LED_WS2812B-B,81.28,-154.94,0,top
U527,WS2812B,LED_WS2812B-B,88.9,-154.94,0,top
U528,WS2812B,LED_WS2812B-B,96.52,-154.94,0,top
U529,WS2812B,LED_WS2812B-B,104.14,-154.94,0,top
U530,WS2812B,LED_WS2812B-B,111.76,-154.94,0,top
U531,WS2812B,LED_WS2812B-B,119.38,-154.94,0,top
U532,WS2812B,LED_WS2812B-B,127,-154.94,0,top
U533,WS2812B,LED_WS2812B-B,134.62,-154.94,0,top
U534,WS2812B,LED_WS2812B-B,142.24,-154.94,0,top
U535,WS2812B,LED_WS2812B-B,149.86,-154.94,0,top
U536,WS2812B,LED_WS2812B-B,157.48,-154.94,0,top
U537,WS2812B,LED_WS2812B-B,165.1,-154.94,0,top
U538,WS2812B,LED_WS2812B-B,172.72,-154.94,0,top
U539,WS2812B,LED_WS2812B-B,180.34,-154.94,0,top
U540,WS2812B,LED_WS2812B-B,187.96,-154.94,0,top
U541,WS2812B,LED_WS2812B-B,195.58,-154.94,0,top
U542,WS2812B,LED_WS2812B-B,203.2,-154.94,0,top
U543,WS2812B,LED_WS2812B-B,210.82,-154.94,0,top
U544,WS2812B,LED_WS2812B-B,218.44,-154.94,0,top
U545,WS2812B,LED_WS2812B-B,226.06,-154.94,0,top
U546,WS2812B,LED_WS2812B-B,233.68,-154.94,0,top
U547,WS2812B,LED_WS2812B-B,241.3,-154.94,0,top
U548,WS2812B,LED_WS2812B-B,248.92,-154.94,0,top
U549,WS2812B,LED_WS2812B-B,256.54,-154.94,0,top
U550,WS2812B,LED_WS2812B-B,264.16,-154.94,0,top
U551,WS2812B,LED_WS2812B-B,271.78,-154.94,0,top
U552,WS2812B,LED_WS2812B-B,279.4,-154.94,0,top
U553,WS2812B,LED_WS2812B-B,287.02,-154.94,0,top
U554,WS2812B,LED_WS2812B-B,294.64,-154.94,0,top
U555,WS2812B,LED_WS2812B-B,302.26,-154.94,0,top
U556,WS2812B,LED_WS2812B-B,309.88,-154.94,0,top
U557,WS2812B,LED_WS2812B-B,317.5,-154.94,0,top
U558,WS2812B,LED_WS2812B-B,325.12,-154.94,0,top
U559,WS2812B,LED_WS2812B-B,332.74,-154.94,0,top
U560,WS2812B,LED_WS2812B-B,340.36,-154.94,0,top
U561,WS2812B,LED_WS2812B-B,43.18,-162.56,0,top
U562,WS2812B,LED_WS2812B-B,50.8,-162.56,0,top
U563,WS2812B,LED_WS2812B-B,58.42,-162.56,0,top
U564,WS2812B,LED_WS2812B-B,66.04,-162.56,0,top
U565,WS2812B,LED_WS2812B-B,73.66,-162.56,0,top
U566,WS2812B,LED_WS2812B-B,81.28,-162.56,0,top
U567,WS2812B,LED_WS2812B-B,88.9,-162.56,0,top
U568,WS2812B,LED_WS2812B-B,96.52,-162.56,0,top
U569,WS2812B,LED_WS2812B-B,104.14,-162.56,0,top
U570,WS2812B,LED_WS2812B-B,111.76,-162.56,0,top
U571,WS2812B,LED_WS2812B-B,119.38,-162.56,0,top
U572,WS2812B,LED_WS2812B-B,127,-162.56,0,top
U573,WS2812B,LED_WS2812B-B,134.62,-162.56,0,top
U574,WS2812B,LED_WS2812B-B,142.24,-162.56,0,top
U575,WS2812B,LED_WS2812B-B,149.86,-162.56,0,top
U576,WS2812B,LED_WS2812B-B,157.48,-162.56,0,top
U577,WS2812B,LED_WS2812B-B,165.1,-162.56,0,top
U578,WS2812B,LED_WS2812B-B,172.72,-162.56,0,top
U579,WS2812B,LED_WS2812B-B,180.34,-162.56,0,top
U580,WS2812B,LED_WS2812B-B,187.96,-162.56,0,top
U581,WS2812B,LED_WS2812B-B,195.58,-162.56,0,top
U582,WS2812B,LED_WS2812B-B,203.2,-162.56,0,top
U583,WS2812B,LED_WS2812B-B,210.82,-162.56,0,top
U584,WS2812B,LED_WS2812B-B,218.44,-162.56,0,top
U585,WS2812B,LED_WS2812B-B,226.06,-162.56,0,top
U586,WS2812B,LED_WS2812B-B,233.68,-162.56,0,top
U587,WS2812B,LED_WS2812B-B,241.3,-162.56,0,top
U588,WS2812B,LED_WS2812B-B,248.92,-162.56,0,top
U589,WS2812B,LED_WS2812B-B,256.54,-162.56,0,top
U590,WS2812B,LED_WS2812B-B,264.16,-162.56,0,top
U591,WS2812B,LED_WS2812B-B,271.78,-162.56,0,top
U592,WS2812B,LED_WS2812B-B,279.4,-162.56,0,top
U593,WS2812B,LED_WS2812B-B,287.02,-162.56,0,top
U594,WS2812B,LED_WS2812B-B,294.64,-162.56,0,top
U595,WS2812B,LED_WS2812B-B,302.26,-162.56,0,top
U596,WS2812B,LED_WS2812B-B,309.88,-162.56,0,top
U597,WS2812B,LED_WS2812B-B,317.5,-162.56,0,top
U598,WS2812B,LED_WS2812B-B,325.12,-162.56,0,top
U599,WS2812B,LED_WS2812B-B,332.74,-162.56,0,top
U600,WS2812B,LED_WS2812B-B,340.36,-162.56,0,top
